,,Algeria,Tihemboka Arch - Illizi Basin (Illizi Basin),Amasralad 1,AMD-1,,,Amasralad 1,Basement,Upper Proterozoic
,,Algeria,Tihemboka Arch - Illizi Basin (Illizi Basin),Amasralad 2,AMD-2,,,Amasralad 1,Basement,Upper Proterozoic
,,Algeria,Tihemboka Arch - Illizi Basin (Illizi Basin),Amasralad 3,AMD-3,,,Amasralad 1,,Ordovician
,,Algeria,Tihemboka Arch - Illizi Basin (Illizi Basin),Amasralad 4,AMD-4,,,Amasralad 1,,Cambrian
,,Algeria,Tindouf Basin,Aroueta Est 1,ARE-1,Aroueta East 1,,,Basement,Precambrian
,,Algeria,Tilrhemt Uplift,Belketaief 1,BEL-1,,,Belketaief 1,,Ordovician
,,Algeria,Tilrhemt Uplift,Belketaief 2,BEL-2,,,Belketaief 1,,Gedinnian
,,Algeria,Tihemboka Arch - Illizi Basin (Illizi Basin),Belle Meuniere 1,BMR-1,,,,,
,,Algeria,Illizi Basin,Bourarhet Sud 1,BRTS-1,Bourarhet South 1,"Bourarhet Sud / 230, 231",,,
,,Algeria,Timimoun Basin,Bouteraa 1,BTA-1,,In Salah / 322-346,Bouteraa 1,,Silurian
,,Algeria,Touggourt Uplift,El Alenndaia 1,ALD-1,,,,,Ordovician
,,Algeria,Meharez-Oued-Namous Uplift,El Arich El Megta 1,AMG-1,,,,,Lower Cambrian
,,Algeria,Tindouf Basin,El Aroueta Nord 1,EAN-1,El Aroueta North 1,,,,Precambrian
,,Algeria,Illizi Basin,Erg Bourarhet Ouest 1,OEB-1,Erg Bourarhet West 1,"Bourarhet Sud / 230, 231",,,
,,Algeria,Illizi Basin,Gara Louki 1,GLK-1,,,,,Upper Proterozoic
,,Algeria,Tindouf Basin,Hamada De Tindouf 1,HTN-1,,,,Basement,Precambrian
,,Algeria,Timimoun Basin,Imizhrene 1,AMZ-1,,In Salah / 322-346,,Strunian Sandstones,Devonian
,,Algeria,Tihemboka Arch - Illizi Basin (Illizi Basin),In Amenas 2,INA-2,,In Amenas / 240,In Amenas,,
,,Algeria,Illizi Basin,In Kraf 1,IKF-1,,,,,Cambrian
,,Algeria,Timimoun Basin,Krechba 005,KB-5,,,Krechba (ISG),,
,,Algeria,Timimoun Basin,Krechba 006,KB-6,,Krechba / 345,Krechba (ISG),,
,,Algeria,Timimoun Basin,Krechba 007,KB-7,,Krechba / 345,Krechba (ISG),,
,,Algeria,Timimoun Basin,Krechba 009,KB-9,,Krechba / 345,Krechba (ISG),,Devonian
,,Algeria,Timimoun Basin,Krechba 010,KB-10,,Krechba / 345,Krechba (ISG),,
,,Algeria,Timimoun Basin,Krechba 011,KB-11,,Krechba / 345,Krechba (ISG),,
,,Algeria,Timimoun Basin,Krechba 012,KB-12,,Krechba / 345,Krechba (ISG),,
,,Algeria,Timimoun Basin,Krechba 013,KB-13,,Krechba / 345,Krechba (ISG),,
,,Algeria,Timimoun Basin,Krechba 014,KB-14,,Krechba / 345,Krechba (ISG),,
,,Algeria,Timimoun Basin,Krechba 015,KB-15,,Krechba / 345,Krechba (ISG),,
,,Algeria,Timimoun Basin,Krechba 019,KB-19,,,Krechba (ISG),,
,,Algeria,Timimoun Basin,Krechba 022,KB-22,,,Krechba (ISG),,
,,Algeria,Timimoun Basin,Krechba 501,KB-501,,Krechba / 345,Krechba (ISG),,
,,Algeria,Timimoun Basin,Krechba 502,KB-502,,Krechba / 345,Krechba (ISG),,
,,Algeria,Timimoun Basin,Krechba 503N,KB-503N,,Krechba / 345,Krechba (ISG),,
,,Algeria,Tihemboka Arch - Illizi Basin (Illizi Basin),Le Camp 1,LCP-1,,,,,Silurian
,,Algeria,Tihemboka Arch - Illizi Basin (Illizi Basin),Le Camp 2,LCP-2,,,,,Silurian
,,Algeria,Tihemboka Arch - Illizi Basin (Illizi Basin),Le Camp 3,LCP-3,,,,,Silurian
,,Algeria,Tihemboka Arch - Illizi Basin (Illizi Basin),Le Camp 4,LCP-4,,,,,Silurian
,,Algeria,Tihemboka Arch - Illizi Basin (Illizi Basin),Le Camp 5,LCP-5,,,,,Silurian
,,Algeria,Tilrhemt Uplift,Mehaiguene 1,MEG-1,,,Mehaiguene 1,,Ordovician
,,Algeria,Tindouf Basin,Oudiane Lemkhaf 1,OLF-1,,,,Basement,Precambrian
,,Algeria,Tilrhemt Uplift,Oued Louha 1,ELH-1,AE-2bis,,,,Precambrian
,,Algeria,Moroccan-Algerian-Tunisian Atlas,Oued Melah 1,OUM-1,,,,,Lower Cretaceous
,,Algeria,Tindouf Basin,Oued Zemoul 1,ZL-1,,,,,
,,Algeria,Timimoun Basin,Reg 12,REG-12,,Reg / 343&344,Reg (ISG),,Devonian
,,Algeria,Timimoun Basin,Reg 14,REG-14,,"Reg / 343, 344",Reg (ISG),,
,,Algeria,Timimoun Basin,Reg 20,REG-20,,,Reg (ISG),,
,,Algeria,Timimoun Basin,Reg 23,REG-23,,"Reg / 343, 344",Reg (ISG),,
,,Algeria,Timimoun Basin,Reg 24,REG-24,,"Reg / 343, 344",Reg (ISG),,
,,Algeria,Illizi Basin,STJ 1,STJ-1,,"Bourarhet Sud / 230, 231",,,
,,Algeria,Timimoun Basin,Teguentour 03ter,TEG-3ter,,"Teguentour / 344, 345",Teguentour (ISG),,
,,Algeria,Timimoun Basin,Teguentour 11,TEG-11z,,,Teguentour (ISG),,
,,Algeria,Timimoun Basin,Teguentour 12,TEG-12,,,Teguentour (ISG),,
,,Algeria,Timimoun Basin,Teguentour 14,TEG-14,,"Teguentour / 344,345",Teguentour (ISG),,Devonian
,,Algeria,Timimoun Basin,Teguentour 15,TEG-15,,"Teguentour / 344,345",Teguentour (ISG),,Devonian
,,Algeria,Timimoun Basin,Teguentour 15Y,TEG-15Y,,"Teguentour / 344, 345",Teguentour (ISG),,
,,Algeria,Timimoun Basin,Teguentour 16Y,TEG-16Y,,"Teguentour / 344, 345",Teguentour (ISG),,
,,Algeria,Timimoun Basin,Teguentour 17,TEG-17,,"Teguentour / 344, 345",Teguentour (ISG),,
,,Algeria,Timimoun Basin,Teguentour 18,TEG-18,,"Teguentour / 344, 345",Teguentour (ISG),,
,,Algeria,Timimoun Basin,Teguentour 20,TEG-20,,"Teguentour / 344, 345",Teguentour (ISG),,
,,Algeria,Timimoun Basin,Teguentour 21,TEG-21,,"Teguentour / 344, 345",Teguentour (ISG),,
,,Algeria,Timimoun Basin,Teguentour 22,TEG-22,,"Teguentour / 344, 345",Teguentour (ISG),,
,,Algeria,Timimoun Basin,Teguentour 23,TEG-23,,,Teguentour (ISG),,
,,Algeria,Timimoun Basin,Teguentour 24,TEG-24,,,Teguentour (ISG),,
,,Algeria,Timimoun Basin,Teguentour 25,TEG-25,,"Teguentour / 344, 345",Teguentour (ISG),,
,,Algeria,Timimoun Basin,Teguentour 26,TEG-26,,"Teguentour / 344, 345",Teguentour (ISG),,
,,Algeria,Timimoun Basin,Teguentour 27,TEG-27,,"Teguentour / 344, 345",Teguentour (ISG),,
,,Algeria,Timimoun Basin,Teguentour 29,TEG-29,,,Teguentour (ISG),,
,,Algeria,Illizi Basin,Tiguentourine 002bis,TG-2bis,,Tiguentourine-In Amenas,Tiguentourine (In Amenas),,
,,Algeria,Illizi Basin,Tiguentourine 004bis,TG-4bis,,Tiguentourine-In Amenas,Tiguentourine (In Amenas),,
,,Algeria,Illizi Basin,Tiguentourine 007bis,TG-7bis,,Tiguentourine-In Amenas,Tiguentourine (In Amenas),,
,,Algeria,Illizi Basin,Tiguentourine 082,TG-82,,Tiguentourine-In Amenas,Tiguentourine (In Amenas),,
,,Algeria,Illizi Basin,Tiguentourine 303,TG-303,,Tiguentourine-In Amenas,Tiguentourine (In Amenas),,
,,Algeria,Illizi Basin,Tiguentourine 303bis,TG-303bis,,Tiguentourine-In Amenas,Tiguentourine (In Amenas),,
,,Algeria,Illizi Basin,Tiguentourine 305bis,TG-305bis,,Tiguentourine-In Amenas,Tiguentourine (In Amenas),,
,,Algeria,Illizi Basin,Tiguentourine 306bis,TG-306bis,,Tiguentourine-In Amenas,Tiguentourine (In Amenas),,
,,Algeria,Illizi Basin,Tiguentourine 308,TG-308,,Tiguentourine-In Amenas,Tiguentourine (In Amenas),,
,,Algeria,Illizi Basin,Tiguentourine 312bis,TG-312bis,,Tiguentourine-In Amenas,Tiguentourine (In Amenas),,
,,Algeria,Illizi Basin,Tiguentourine 315bis,TG-315bis,,Tiguentourine-In Amenas,Tiguentourine (In Amenas),,
,,Algeria,Illizi Basin,Tiguentourine 317bis,TG-317bis,,Tiguentourine-In Amenas,Tiguentourine (In Amenas),,
,,Algeria,Illizi Basin,Tiguentourine 319bis,TG-319bis,,Tiguentourine-In Amenas,Tiguentourine (In Amenas),,
,,Algeria,Illizi Basin,Tiguentourine 323,TG-323,,Tiguentourine-In Amenas,Tiguentourine (In Amenas),,
,,Algeria,Illizi Basin,Tiguentourine 324,TG-324,,Tiguentourine-In Amenas,Tiguentourine (In Amenas),,
,,Algeria,Illizi Basin,Tiguentourine 326,TG-326,,,Tiguentourine (In Amenas),,
,,Algeria,Illizi Basin,Tiguentourine 327,TG-327,,Tiguentourine-In Amenas,Tiguentourine (In Amenas),,
,,Algeria,Illizi Basin,Tiguentourine 328,TG-328,,Tiguentourine-In Amenas,Tiguentourine (In Amenas),,
,,Algeria,Illizi Basin,Tiguentourine 328ST1,TG-328ST1,,Tiguentourine-In Amenas,Tiguentourine (In Amenas),,
,,Algeria,Illizi Basin,Tiguentourine 329,TG-329,,Tiguentourine-In Amenas,Tiguentourine (In Amenas),,
,,Algeria,Illizi Basin,Tiguentourine 330,TG-330,,,Tiguentourine (In Amenas),,
,,Algeria,Illizi Basin,Tiguentourine 333,TG-333,,,Tiguentourine (In Amenas),,
,,Algeria,Illizi Basin,Tiguentourine 336,TG-336,,Tiguentourine-In Amenas,Tiguentourine (In Amenas),,
,,Algeria,Illizi Basin,Tiguentourine 337,TG-337,,Tiguentourine-In Amenas,Tiguentourine (In Amenas),,
,,Algeria,Illizi Basin,Tiguentourine 338,TG-338,,,Tiguentourine (In Amenas),,
,,Algeria,Illizi Basin,Tihigaline Ordovicien 1,TXO-1,,"Bourarhet Sud / 230, 231",Tihigaline F-1,,Ordovician
,,Algeria,Illizi Basin,Tikrabkrabe 1,TKR-1,,,,,Cambrian
,,Algeria,Illizi Basin,Tin Zaouatene 1,TZN-1,,"Bourarhet Sud / 230, 231",Tin Zaouatene 1,,Ordovician
,,Algeria,Illizi Basin,Tin Zaouatene 2,TZN-2,,"Bourarhet Sud / 230, 231",Tin Zaouatene 1,,
,,Algeria,Touggourt Uplift,Touggourt 101,TOG-101,,,,Miribel Sandstone Member,Ordovician
,,Egypt,Gulf of Suez Basin,Abu Raya 2,Gb087-06,,,,Nubia Group,Paleozoic
,,Egypt,Gulf of Suez Basin,Abu Zeneima 11 1,Gj081-05,,Abu Zeneima,,,
,,Egypt,Gulf of Suez Basin,Abu Zeneima 11 1ST,Gj081-05ST,,Abu Zeneima,,,Oligocene
,,Egypt,Gulf of Suez Basin,Abu Zeneima South 175-1ST,,,South Abu Zeneima,,,
,,Egypt,Nile Coastal/Deep Water Sub-basin (Nile Delta Bsn),Alexandria North B 2,Giza West-1,,N. Alexandria-2 Area B (Dev),,,
,,Egypt,Nile Coastal/Deep Water Sub-basin (Nile Delta Bsn),Alexandria North B 3,,,N. Alexandria-2 Area B-1 (Dev),,,
,,Egypt,Nile Coastal/Deep Water Sub-basin (Nile Delta Bsn),Alexandria North B 4ST1,Jf048-01,,N. Alexandria-2 Area B-1 (Dev),Alexandria North B-4ST,Abu Madi Formation,Messinian
,,Egypt,Nile Coastal/Deep Water Sub-basin (Nile Delta Bsn),Alexandria North L 2,,,N. Alexandria-2 Area B (Dev),Fayoum (WND),,
,,Egypt,Nile Coastal/Deep Water Sub-basin (Nile Delta Bsn),Atoll 1,,,N. Damietta Offshore Block-3a,Atoll,,Oligocene
,,Egypt,Nile Coastal/Deep Water Sub-basin (Nile Delta Bsn),Atoll 2,,,Atoll (Dev),Atoll,,
,,Egypt,Nile Coastal/Deep Water Sub-basin (Nile Delta Bsn),Aztec 1,Ji050-01,,West Mediterranean Deep Water (Block B),,Kafr El Sheikh Formation,Pliocene
,,Egypt,Gulf of Suez Basin,Ga089 1,Ga089-01,,,,,
,,Egypt,Nile Coastal/Deep Water Sub-basin (Nile Delta Bsn),Gebel El Bahar East 1,,GEB East 1,N. Tineh Offshore Block-2,,,Serravallian
,,Egypt,Nile Coastal/Deep Water Sub-basin (Nile Delta Bsn),Giza North 1,Jh049-04,,N. Alexandria-2 Area B-1 (Dev),Giza (WND),,
,,Egypt,Nile Coastal/Deep Water Sub-basin (Nile Delta Bsn),Giza South 1,Jg049-03,,N. Alexandria-2 Area B (Dev),,,
,,Egypt,Nile Coastal/Deep Water Sub-basin (Nile Delta Bsn),Heba Offshore 1,,,Rahamat (Dev),,Kafr El Sheikh Formation,Piacenzian
,,Egypt,Gulf of Suez Basin,Karnak (BP) 1,,GS 326-3,East Morgan Area A,,Nubia Formation,Albian
,,Egypt,Nile Coastal/Deep Water Sub-basin (Nile Delta Bsn),Libra 1,Jj052-01,K-1,North Alexandria Block A,Libra (WND),Kafr El Sheikh Formation,Pliocene
,,Egypt,Nile Coastal/Deep Water Sub-basin (Nile Delta Bsn),Libra North 1ST1,,,N. Alexandria-1 Area A-1 (Dev),Libra (WND),,
,,Egypt,Nile Coastal/Deep Water Sub-basin (Nile Delta Bsn),Libra North 2,Jj052-05,,N. Alexandria-1 Area A-1 (Dev),Libra (WND),,Pliocene
,,Egypt,Nile Coastal/Deep Water Sub-basin (Nile Delta Bsn),Libra North 4,Jj052-04,,N. Alexandria-1 Area A-1 (Dev),Libra (WND),,Pliocene
,,Egypt,Nile Coastal/Deep Water Sub-basin (Nile Delta Bsn),Libra South 1,Jj052-06,,N. Alexandria-1 Area A-1 (Dev),Libra (WND),,Pliocene
,,Egypt,Nile Coastal/Deep Water Sub-basin (Nile Delta Bsn),Mediterranean Deep Water West 7,Ji049-02,,West Mediterranean Deep Water (Block B),Hodoa,,
,,Egypt,Nile Coastal/Deep Water Sub-basin (Nile Delta Bsn),Mediterranean Deep Water West 7ST1,Ji049-02ST1,Hodoa,West Mediterranean Deep Water (Block B),Hodoa,Tineh Formation,Oligocene
,,Egypt,Nile Coastal/Deep Water Sub-basin (Nile Delta Bsn),Mocha 1,,,El Matariya Onshore (Block 3),,,
,,Egypt,Gulf of Suez Basin,October North 159 5ST1,Gj080-16ST1,,North October N,Tanka East 3,Asl Member,Upper Langhian
,,Egypt,Nile Coastal/Deep Water Sub-basin (Nile Delta Bsn),Polaris 1,,,West Mediterranean Deep Water (Block B),Polaris 1,Abu Madi Formation,Upper Messinian
,,Egypt,Nile Coastal/Deep Water Sub-basin (Nile Delta Bsn),Polaris Deep 1,,,West Mediterranean Deep Water (Block B),Polaris 1,,
,,Egypt,Nile Coastal/Deep Water Sub-basin (Nile Delta Bsn),Rahamat 1,Jg058-02,,Burullus Offshore,,,
,,Egypt,Nile Coastal/Deep Water Sub-basin (Nile Delta Bsn),Rahamat 1ST1,Jg058-02ST1,,Burullus Offshore,,,
,,Egypt,Nile Coastal/Deep Water Sub-basin (Nile Delta Bsn),Rahamat 1ST2,Jg058-02ST2,,Burullus Offshore,,,
,,Egypt,Nile Coastal/Deep Water Sub-basin (Nile Delta Bsn),Rahamat 1ST3,Jg058-02ST3,,Burullus Offshore,,,
,,Egypt,Nile Coastal/Deep Water Sub-basin (Nile Delta Bsn),Rahamat 1ST4,Jg058-02ST4,,Burullus Offshore,Rahamat,,
,,Egypt,Gulf of Suez Basin,Ras El Deeb Marine East 2,Fj086-02,,Area 13,,Basement,Precambrian
,,Egypt,Gulf of Suez Basin,Ras El Deeb Marine East 3,Gb084-06,,Area 10,,Rudeis Formation,Miocene
,,Egypt,Gulf of Suez Basin,Ras El Deeb Marine East 4,Gc084-13,,Area 10,Ras El Deeb Marine East 1,Rudeis Formation,Lower Miocene
,,Egypt,Nile Coastal/Deep Water Sub-basin (Nile Delta Bsn),Raven 1,Jh049-01,,N. Alexandria-2 Area B-1 (Dev),Raven (WND),Qantara Formation,Burdigalian
,,Egypt,Nile Coastal/Deep Water Sub-basin (Nile Delta Bsn),Raven 1ST1,Jh049-01ST1,,N. Alexandria-2 Area B-1 (Dev),Raven (WND),,
,,Egypt,Nile Coastal/Deep Water Sub-basin (Nile Delta Bsn),Raven 1ST2,Jh049-01ST2,,N. Alexandria-2 Area B-1 (Dev),Raven (WND),Qantara Formation,Lower Miocene
,,Egypt,Nile Coastal/Deep Water Sub-basin (Nile Delta Bsn),Raven 2,Jh050-01,,N. Alexandria-2 Area B-1 (Dev),Raven (WND),Qantara Formation,Burdigalian
,,Egypt,Nile Coastal/Deep Water Sub-basin (Nile Delta Bsn),Raven 2ST1,,,N. Alexandria-2 Area B-1 (Dev),Raven (WND),,
,,Egypt,Nile Coastal/Deep Water Sub-basin (Nile Delta Bsn),Raven 2ST2,,,N. Alexandria-2 Area B-1 (Dev),Raven (WND),Qantara Formation,Burdigalian
,,Egypt,Nile Coastal/Deep Water Sub-basin (Nile Delta Bsn),Raven 2ST3,Jh050-02ST2,,N. Alexandria-2 Area B-1 (Dev),Raven (WND),Qantara Formation,Burdigalian
,,Egypt,Nile Coastal/Deep Water Sub-basin (Nile Delta Bsn),Raven 3,,,N. Alexandria-2 Area B-1 (Dev),Raven (WND),,
,,Egypt,Nile Coastal/Deep Water Sub-basin (Nile Delta Bsn),Raven 3ST1,,,N. Alexandria-2 Area B-1 (Dev),Raven (WND),,
,,Egypt,Nile Coastal/Deep Water Sub-basin (Nile Delta Bsn),Raven 3ST2,,,N. Alexandria-2 Area B (Dev),Raven (WND),,
,,Egypt,Nile Coastal/Deep Water Sub-basin (Nile Delta Bsn),Raven 4,,,N. Alexandria-2 Area B (Dev),Raven (WND),,
,,Egypt,Nile Coastal/Deep Water Sub-basin (Nile Delta Bsn),Raven East 1,Jh050-04,,N. Alexandria-2 Area B (Dev),Raven (WND),,
,,Egypt,Nile Coastal/Deep Water Sub-basin (Nile Delta Bsn),Raven East 2,Jh050-05,,N. Alexandria-2 Area B (Dev),Raven (WND),,
,,Egypt,Nile Coastal/Deep Water Sub-basin (Nile Delta Bsn),Ruby 1,Ji049-01,,West Mediterranean Deep Water (Block B),Ruby 1,Kafr El Sheikh Formation,Pliocene
,,Egypt,Nile Coastal/Deep Water Sub-basin (Nile Delta Bsn),Ruby 2,,,West Mediterranean Deep Water (Block B),Ruby 1,Kafr El Sheikh Formation,Piacenzian
,,Egypt,Nile Coastal/Deep Water Sub-basin (Nile Delta Bsn),Ruby 3,,,West Med. Deep Water (Dev),Ruby 1,,
,,Egypt,Nile Coastal/Deep Water Sub-basin (Nile Delta Bsn),Salamat 1,,,N. Damietta Offshore Block-3a,Salamat 1,,Lower Oligocene
,,Egypt,Nile Coastal/Deep Water Sub-basin (Nile Delta Bsn),Salmon 1,,Salamon 1,North El Burg Offshore NW,Salmon 1,Kafr El Sheikh Formation,Piacenzian
,,Egypt,Nile Coastal/Deep Water Sub-basin (Nile Delta Bsn),Satis 1,,,North El Burg Offshore,Satis 1,,
,,Egypt,Nile Coastal/Deep Water Sub-basin (Nile Delta Bsn),Satis 2,Jj064-02,,North El Burg Offshore,Satis 1,,
,,Egypt,Nile Coastal/Deep Water Sub-basin (Nile Delta Bsn),Satis 3,Jj064-03,,North El Burg Offshore,Satis 1,,
,,Egypt,Nile Coastal/Deep Water Sub-basin (Nile Delta Bsn),Satis 3ST1,Jj064-04,,North El Burg Offshore,Satis 1,,
,,Egypt,Gulf of Suez Basin,September 1,,,North Ghara,,,
,,Egypt,Nile Coastal/Deep Water Sub-basin (Nile Delta Bsn),Seth South 1ST1,,,North El Burg Offshore SE,Seth South 1,Kafr El Sheikh Formation,Piacenzian
,,Egypt,Gulf of Suez Basin,Shadwan North 377-2,,,North Shadwan,Shadwan North 377,Kareem Formation,Lower Serravallian
,,Egypt,Gulf of Suez Basin,Shadwan North 377-3ST1,,,North Shadwan,Shadwan North 377,,
,,Egypt,Gulf of Suez Basin,Shadwan North 377-5,,,North Shadwan,Shadwan North 377,,
,,Egypt,Gulf of Suez Basin,Shadwan North 385 1,NS385-1,,North Shadwan,Shadwan North 385,,
,,Egypt,Gulf of Suez Basin,Shadwan North 385 1ST1,NS385-1ST1,,North Shadwan,Shadwan North 385,,
,,Egypt,Gulf of Suez Basin,Shadwan North 385 1ST2,NS385-1ST2,,North Shadwan,Shadwan North 385,Lower Rudeis Member,Burdigalian
,,Egypt,Gulf of Suez Basin,Shadwan North 385 1ST3,NS385-1ST3,,North Shadwan,Shadwan North 385,Lower Rudeis Member,Burdigalian
,,Egypt,Gulf of Suez Basin,Shadwan North 394-1,,Burtocal NS 394-1,North Shadwan,Shadwan North 394,Basement,Precambrian
,,Egypt,Gulf of Suez Basin,Shadwan North 394-1ST1,,Burtocal NS 394-1ST1,North Shadwan,Shadwan North 394,Basement,Precambrian
,,Egypt,Gulf of Suez Basin,Shadwan North 394-2ST1,,Burtocal NS 394-2ST1,North Shadwan,Shadwan North 394,Lower Rudeis Member,Serravallian
,,Egypt,Gulf of Suez Basin,Shadwan North 394-2ST2,,,North Shadwan,Shadwan North 394,Basement,Precambrian
,,Egypt,Gulf of Suez Basin,Shadwan North 394-3,,Burtocal North 3,North Shadwan,Shadwan North 394,,
,,Egypt,Gulf of Suez Basin,Shadwan North 394-4,,,North Shadwan,Shadwan North 394,Basement,
,,Egypt,Gulf of Suez Basin,Shukheir Marine East 09D,Gb085-10,,East Shukheir Blk 6/A,,Asl Member,Upper Langhian
,,Egypt,Gulf of Suez Basin,Shukheir Marine East 10D,,,East Shukheir Blk 2-3-4/C,,Kareem Formation,Serravallian
,,Egypt,Pleshet Sub-basin (Levantine Basin),Sinai North 21 1,Je084-01,,N Sinai 21,,,Lower Cretaceous
,,Egypt,Gulf of Suez Basin,Tanka East 6,,,North October N,,Nubia C Member,Cambrian
,,Egypt,Nile Coastal/Deep Water Sub-basin (Nile Delta Bsn),Taurus Central 1,Jj051-06,,N. Alexandria-1 Area A-1 (Dev),Taurus (WND),,
,,Egypt,Nile Coastal/Deep Water Sub-basin (Nile Delta Bsn),Taurus Deep 1ST2,Jj055-02ST2,,N. Alexandria-1 Area A-1 (Dev),Taurus (WND),,
,,Egypt,Nile Coastal/Deep Water Sub-basin (Nile Delta Bsn),Taurus North 1,,,N. Alexandria-1 Area A-1 (Dev),Taurus (WND),,
,,Egypt,Nile Coastal/Deep Water Sub-basin (Nile Delta Bsn),Taurus North 2,Jj051-05,,N. Alexandria-1 Area A-1 (Dev),Taurus (WND),,
,,Egypt,Nile Coastal/Deep Water Sub-basin (Nile Delta Bsn),Taurus North 3,Jj051-04,,N. Alexandria-1 Area A-1 (Dev),Taurus (WND),,
,,Egypt,Nile Coastal/Deep Water Sub-basin (Nile Delta Bsn),Taurus South 1,Jj051-07,,N. Alexandria-1 Area A-1 (Dev),Taurus (WND),,
,,Egypt,Nile Coastal/Deep Water Sub-basin (Nile Delta Bsn),Taurus West 1,,,N. Alexandria-1 Area A-1 (Dev),Taurus (WND),,
,,Egypt,Nile Coastal/Deep Water Sub-basin (Nile Delta Bsn),Taurus West 2,Jj051-08,,N. Alexandria-1 Area A-1 (Dev),Taurus (WND),,
,,Egypt,Nile Coastal/Deep Water Sub-basin (Nile Delta Bsn),Taurus West 3,Jj051-09,,N. Alexandria-1 Area A-1 (Dev),Taurus (WND),,
,,Egypt,Gulf of Suez Basin,Teen (BP) 1,,,North Shadwan,,,
,,Egypt,Northern Egypt Basin,Wadi Natrun 56 1,Ia053-01,T 56-1,Petroswede Natrun,,,Mesozoic
,,Egypt,Gindi Basin,Wadi Natrun 57 1,Ia054-01,T 57-1,Petroswede Natrun,,,
,,Egypt,Northern Egypt Basin,Wadi Natrun West 1,Id047-01,,West Natrun,,,Lower Jurassic
,,Libya,Nefusa Uplift (Ghadames Basin),A-001-034,034 A 001,A1-34,,,,
,,Libya,Cyrenaica Platform,A-001-035,035 A 001,A1-35,,,,
,,Libya,Jabal Akhdar Uplift,A-001-036,036 A 001,A1-36,,,,
,,Libya,Cyrenaica Platform,A-001-037,037 A 001,A1-37,,,,
,,Libya,Tumayn Sub-basin (Sirte Basin),A-001-063,063 A 001,A1-63,,,,
,,Libya,Dur Al Qussan Sub-basin (Murzuq Basin),A-001-064,064 A 001,A1-64,,,,
,,Libya,Sarir Trough (Sirte Basin),A-001-065,065 A 001,A1-65,,,,
,,Libya,Sarir Trough (Sirte Basin),A-001-080,080 A 001,A1-80,,,,
,,Libya,Dakhla Sub-basin (Upper Egypt Basin),A-001-081,081 A 001,A1-81,,,,
,,Libya,Sarir Trough (Sirte Basin),A-002-065,065 A 002,A2-65,,,,
,,Libya,Sarir Trough (Sirte Basin),A-002-080,080 A 002,A2-80,,,,
,,Libya,Sarir Trough (Sirte Basin),A-003-065,065 A 003,A3-65,,,,
,,Libya,Sarir Trough (Sirte Basin),AA-001-065,065 AA 001,AA1-65,,,,
,,Libya,Sarir Trough (Sirte Basin),AA-001-080,080 AA 001,AA1-80,,,,
,,Libya,Nefusa Uplift (Ghadames Basin),B-001-034,034 B 001,B1-34,,,,
,,Libya,Jabal Akhdar Uplift,B-001-036,036 B 001,B1-36,,,,
,,Libya,Sarir Trough (Sirte Basin),B-001-065,065 B 001,B1-65,,,,
,,Libya,Sarir Trough (Sirte Basin),B-001-080,080 B 001,B1-80,,,,
,,Libya,Dakhla Sub-basin (Upper Egypt Basin),B-001-081,081 B 001,B1-81,,,,
,,Libya,Nefusa Uplift (Ghadames Basin),B-002-034,034 B 002,B2-34,,,,
,,Libya,Hamaimat Trough (Sirte Basin),BB-001-065,065 BB 001,BB1-65,,,,
,,Libya,Hamaimat Trough (Sirte Basin),BB-001-080,080 BB 001,BB1-80,,,,
,,Libya,Ghadames Basin,C-001-034,034 C 001,C1-34,,034-C-001,,
,,Libya,Sarir Trough (Sirte Basin),C-001-065,065 C 001,C1-65,,Sarir (065-C),Basement,Precambrian
,,Libya,Sarir Trough (Sirte Basin),C-001-080,080 C 001,C1-80,,,,
,,Libya,Dakhla Sub-basin (Upper Egypt Basin),C-001-081,081 C 001,C1-81,,,,
,,Libya,Sarir Trough (Sirte Basin),C-002-065,065 C 002,C2-65,,Sarir (065-C),,
,,Libya,Sarir Trough (Sirte Basin),C-003-065,065 C 003,C3-65,,Sarir (065-C),,
,,Libya,Sarir Trough (Sirte Basin),C-004-065,065 C 004,C4-65,,Sarir (065-C),,
,,Libya,Sarir Trough (Sirte Basin),C-005-065,065 C 005,C5-65,,Sarir (065-C),,
,,Libya,Sarir Trough (Sirte Basin),C-006-065,065 C 006,C6-65,,Sarir (065-C),,
,,Libya,Sarir Trough (Sirte Basin),C-007-065,065 C 007,C7-65,,Sarir (065-C),,
,,Libya,Sarir Trough (Sirte Basin),C-008-065,065 C 008,C8-65,,Sarir (065-C),,
,,Libya,Sarir Trough (Sirte Basin),C-009-065,065 C 009,C9-65,,Sarir (065-C),,
,,Libya,Sarir Trough (Sirte Basin),C-010-065,065 C 010,C10-65,,Sarir (065-C),,
,,Libya,Sarir Trough (Sirte Basin),C-011-065,065 C 011,C11-65,,Sarir (065-C),,
,,Libya,Sarir Trough (Sirte Basin),C-012-065,065 C 012,C12-65,,Sarir North (065-C),Basement,Precambrian
,,Libya,Sarir Trough (Sirte Basin),C-014-065,065 C 014,C14-65,,Sarir (065-C),,
,,Libya,Sarir Trough (Sirte Basin),C-016-065,065 C 016,C16-65,,Sarir (065-C),,
,,Libya,Sarir Trough (Sirte Basin),C-018-065,065 C 018,C18-65,,Sarir (065-C),,
,,Libya,Sarir Trough (Sirte Basin),C-019-065,065 C 019,C19-65,,Sarir North (065-C),,
,,Libya,Sarir Trough (Sirte Basin),C-021-065,065 C 021,C21-65,,Sarir (065-C),,
,,Libya,Sarir Trough (Sirte Basin),C-025-065,065 C 025,C25-65,,Sarir (065-C),,
,,Libya,Sarir Trough (Sirte Basin),C-030-065,065 C 030,C30-65,,Sarir (065-C),,
,,Libya,Sarir Trough (Sirte Basin),C-032-065,065 C 032,C32-65,,Sarir (065-C),,
,,Libya,Sarir Trough (Sirte Basin),C-036-065,065 C 036,C36-65,,Sarir (065-C),,
,,Libya,Sarir Trough (Sirte Basin),C-037-065,065 C 037,C37-65,,Sarir (065-C),,
,,Libya,Sarir Trough (Sirte Basin),C-039-065,065 C 039,C39-65,65E,Sarir North (065-C),,
,,Libya,Sarir Trough (Sirte Basin),C-040-065,065 C 040,C40-65,,Sarir (065-C),,
,,Libya,Sarir Trough (Sirte Basin),C-052-065,065 C 052,C52-65,,Sarir (065-C),,
,,Libya,Sarir Trough (Sirte Basin),C-055-065,065 C 055,C55-65,,Sarir (065-C),,
,,Libya,Sarir Trough (Sirte Basin),C-069-065,065 C 069,C69-65,,Sarir (065-C),,
,,Libya,Sarir Trough (Sirte Basin),C-071-065,065 C 071,C71-65,,Sarir (065-C),,
,,Libya,Sarir Trough (Sirte Basin),C-077-065,065 C 077,C77-65,,Sarir (065-C),,
,,Libya,Sarir Trough (Sirte Basin),C-079-065,065 C 079,C79-65,,Sarir (065-C),,
,,Libya,Sarir Trough (Sirte Basin),C-081-065,065 C 081,C81-65,,Sarir North (065-C),,
,,Libya,Sarir Trough (Sirte Basin),C-084-065,065 C 084,C84-65,065 - East,Sarir North (065-C),,
,,Libya,Sarir Trough (Sirte Basin),C-090-065,065 C 090,C90-65,065 - East,Sarir North (065-C),,
,,Libya,Sarir Trough (Sirte Basin),C-097-065,065 C 097,C97-65,,Sarir (065-C),,
,,Libya,Sarir Trough (Sirte Basin),C-100-065,065 C 100,C100-65,,Sarir (065-C),,
,,Libya,Southern Shelf (Sirte Basin),CC-001-065,065 CC 001,CC1-65,,,,
,,Libya,Maragh Trough (Sirte Basin),CC-001-080,080 CC 001,CC1-80,,,,
,,Libya,Jabal Al Zalmah Arch,CR-001-065,065 CR 001,CR1-65,,,Basement,Precambrian
,,Libya,Sarir Trough (Sirte Basin),CR-001-080,080 CR 001,CR1-80,,,,
,,Libya,Jabal Al Zalmah Arch,CR-001-081,081 CR 001,CR1-81,,,,
,,Libya,Sarir Trough (Sirte Basin),CR-002-065,065 CR 002,CR2-65,65E,,,
,,Libya,Jabal Al Zalmah Arch,CR-002-081,081 CR 002,CR2-81,,,,
,,Libya,Sarir Trough (Sirte Basin),CR-003-080,080 CR 003,CR3-80,,,Gir Formation,Lower Eocene
,,Libya,Jabal Al Zalmah Arch,CR-003-081,081 CR 003,CR3-81,,,,
,,Libya,Jabal Al Zalmah Arch,CR-004-081,081 CR 004,CR4-81,,,,
,,Libya,Jabal Al Zalmah Arch,CR-006-081,081 CR 006,CR6-81,,,,
,,Libya,Jabal Al Zalmah Arch,CR-007-081,081 CR 007,CR7-81,,,,
,,Libya,Jabal Al Zalmah Arch,CR-008-081,081 CR 008,CR8-81,,,,
,,Libya,Ghadames Basin,D-001-034,034 D 001,D1-34,,,,
,,Libya,Jabal Al Zalmah Arch,D-001-065,065 D 001,D1-65,,,,
,,Libya,Hamaimat Trough (Sirte Basin),D-001-080,080 D 001,D1-80,,,,
,,Libya,Jabal Al Zalmah Arch,D-001-081,081 D 001,D1-81,,,,
,,Libya,Sarir Trough (Sirte Basin),DD-001-065,065 DD 001,DD1-65,,,,
,,Libya,Sarir Trough (Sirte Basin),DD-001-080,080 DD 001,DD1-80,080,Messla (065-HH/080-DD),Basement,Precambrian
,,Libya,Sarir Trough (Sirte Basin),DD-002-080,080 DD 002,DD2-80,080,Messla (065-HH/080-DD),Basement,Precambrian
,,Libya,Hon Graben (Sirte Basin),E-001-034,034 E 001,E1-34,,,,
,,Libya,Sarir Trough (Sirte Basin),E-001-065,065 E 001,E1-65,,,,
,,Libya,Hamaimat Trough (Sirte Basin),E-001-080,080 E 001,E1-80,,,,
,,Libya,Dakhla Sub-basin (Upper Egypt Basin),E-001-081,081 E 001,E1-81,,,,
,,Libya,Sarir Trough (Sirte Basin),E-140-065,065 E 140,E140-65,,,,
,,Libya,Sarir Trough (Sirte Basin),EE-001-065,065 EE 001,EE1-65,,,,
,,Libya,Sarir Trough (Sirte Basin),EE-001-080,080 EE 001,EE1-80,080,Magid (105-A/080-Z/EE),Basement,Precambrian
,,Libya,Sarir Trough (Sirte Basin),EE-002-080,080 EE 002,EE2-80,080,Magid (105-A/080-Z/EE),Sirte Shale Formation,Senonian
,,Libya,Sarir Trough (Sirte Basin),EE-003-080,080 EE 003,EE3-80,080,Magid (105-A/080-Z/EE),,Lower Cretaceous
,,Libya,Sarir Trough (Sirte Basin),EE-004-080,080 EE 004,EE4-80,080,Magid (105-A/080-Z/EE),,
,,Libya,Jabal Al Zalmah Arch,F-001-065,065 F 001,F1-65,,,,
,,Libya,Sarir Trough (Sirte Basin),F-001-080,080 F 001,F1-80,,,,
,,Libya,Dakhla Sub-basin (Upper Egypt Basin),F-001-081,081 F 001,F1-81,,,,
,,Libya,Sarir Trough (Sirte Basin),FF-001-065,065 FF 001,FF1-65,,,,
,,Libya,Rakb High (Sirte Basin),FF-001-080,080 FF 001,FF1-80,080,,,
,,Libya,Sarir Trough (Sirte Basin),G-001-065,065 G 001,G1-65,,,,
,,Libya,Dakhla Sub-basin (Upper Egypt Basin),G-001-080,080 G 001,G1-80,,,,
,,Libya,Hamaimat Trough (Sirte Basin),G-001-081,081 G 001,G1-81,,,,
,,Libya,Sarir Trough (Sirte Basin),GG-001-065,065 GG 001,GG1-65,,,,
,,Libya,Maragh Trough (Sirte Basin),GG-001-080,080 GG 001,GG1-80,080,,,
,,Libya,Jabal Al Zalmah Arch,H-001-065,065 H 001,H1-65,,,,
,,Libya,Sarir Trough (Sirte Basin),H-001-080,080 H 001,H1-80,,,,
,,Libya,Sarir Trough (Sirte Basin),HH-001-065,065 HH 001,HH1-65,,Messla (065-HH/080-DD),Basement,Precambrian
,,Libya,Sarir Trough (Sirte Basin),HH-001-080,080 HH 001,HH1-80,080,080-HH-001,Basement,Precambrian
,,Libya,Sarir Trough (Sirte Basin),HH-002-080,080 HH 002,HH2-80,080,080-HH-001,Basement,Precambrian
,,Libya,Sarir Trough (Sirte Basin),HH-003-080,080 HH 003,HH3-80,080,080-HH-001,Basement,Precambrian
,,Libya,Sarir Trough (Sirte Basin),I-001-065,065 I 001,I1-65,,,,
,,Libya,Sarir Trough (Sirte Basin),I-001-080,080 I 001,I1-80,,080-I,,
,,Libya,Sarir Trough (Sirte Basin),I-002-065,065 I 002,I2-65,,,,
,,Libya,Hamaimat Trough (Sirte Basin),II-001-065,065 II 001,II1-65,,,,
,,Libya,Hamaimat Trough (Sirte Basin),II-001-080,080 II 001,II1-80,080,,,
,,Libya,Sarir Trough (Sirte Basin),J-001-065,065 J 001,J1-65,,,,
,,Libya,Dakhla Sub-basin (Upper Egypt Basin),J-001-080,080 J 001,J1-80,,,,
,,Libya,Sarir Trough (Sirte Basin),J-001A-065,065 J 001A,J1A-65,,,,
,,Libya,Sarir Trough (Sirte Basin),JJ-001-065,065 JJ 001,JJ1-65,,065-JJ-001,Basement,Precambrian
,,Libya,Sarir Trough (Sirte Basin),JJ-001-080,080 JJ 001,JJ1-80,080,,,
,,Libya,Hamaimat Trough (Sirte Basin),K-001-065,065 K 001,K1-65,,,,
,,Libya,Hamaimat Trough (Sirte Basin),K-001-080,080 K 001,K1-80,,,,
,,Libya,Sarir Trough (Sirte Basin),KK-001-080,080 KK 001,KK1-80,080,080-KK,Basement,Precambrian
,,Libya,Sarir Trough (Sirte Basin),KK-002-080,080 KK 002,KK2-80,080,080-KK,Basement,Precambrian
,,Libya,Sarir Trough (Sirte Basin),KK-003-080,080 KK 003,KK3-80,080,080-KK,Basement,Precambrian
,,Libya,Sarir Trough (Sirte Basin),L-001-065,065 L 001,L1-65,,,,
,,Libya,Sarir Trough (Sirte Basin),L-001-080,080 L 001,L1-80,,,,
,,Libya,Sarir Trough (Sirte Basin),L-002-065,065 L 002,L2-65,,Sarir (065-L),,
,,Libya,Sarir Trough (Sirte Basin),L-004-065,065 L 004,L4-65,,Sarir (065-L),,
,,Libya,Sarir Trough (Sirte Basin),L-005-065,065 L 005,L5-65,,Sarir (065-L),,
,,Libya,Sarir Trough (Sirte Basin),L-016-065,065 L 016,L16-65,,Sarir (065-L),,
,,Libya,Sarir Trough (Sirte Basin),L-017-065,065 L 017,L17-65,,Sarir (065-L),,
,,Libya,Sarir Trough (Sirte Basin),LL-001-065,065 LL 001,LL1-65,,,Basement,Precambrian
,,Libya,Sarir Trough (Sirte Basin),LL-001-080,080 LL 001,LL1-80,080,,,
,,Libya,Sarir Trough (Sirte Basin),LL-001A-080,080 LL 001A,LL1A-80,080,,,
,,Libya,Sarir Trough (Sirte Basin),M-001-065,065 M 001,M1-65,,,,
,,Libya,Sarir Trough (Sirte Basin),M-001-080,080 M 001,M1-80,,,,
,,Libya,Sarir Trough (Sirte Basin),MM-001-080,080 MM 001,MM1-80,080,,,
,,Libya,Sarir Trough (Sirte Basin),N-001-065,065 N 001,N1-65,,,,
,,Libya,Sarir Trough (Sirte Basin),N-001-080,080 N 001,N1-80,,,,
,,Libya,Sarir Trough (Sirte Basin),NN-001-080,080 NN 001,NN1-80,080,,,
,,Libya,Sarir Trough (Sirte Basin),O-001-065,065 O 001,O1-65,,,,
,,Libya,Sarir Trough (Sirte Basin),O-001-080,080 O 001,O1-80,,080-O,,
,,Libya,Sarir Trough (Sirte Basin),O-001A-065,065 O 001A,O1A-65,,,,
,,Libya,Sarir Trough (Sirte Basin),O-002-080,080 O 002,O2-80,,080-O,,
,,Libya,Sarir Trough (Sirte Basin),O-003-080,080 O 003,O3-80,,080-O,,
,,Libya,Sarir Trough (Sirte Basin),O-004-080,080 O 004,O4-80,,080-O,,
,,Libya,Sarir Trough (Sirte Basin),O-005-080,080 O 005,O5-80,080,080-O,Basement,Precambrian
,,Libya,Sarir Trough (Sirte Basin),O-006-080,080 O 006,O6-80,080,080-O,,
,,Libya,Sarir Trough (Sirte Basin),OO-001-080,080 OO 001,OO1-80,080,,,
,,Libya,Sarir Trough (Sirte Basin),P-001-065,065 P 001,P1-65,,,,
,,Libya,Hamaimat Trough (Sirte Basin),P-001-080,080 P 001,P1-80,,,,
,,Libya,Sarir Trough (Sirte Basin),Q-001-065,065 Q 001,Q1-65,,,,
,,Libya,Dakhla Sub-basin (Upper Egypt Basin),Q-001-080,080 Q 001,Q1-80,,,,
,,Libya,Sarir Trough (Sirte Basin),R-001-065,065 R 001,R1-65,,,,
,,Libya,Sarir Trough (Sirte Basin),R-001-080,080 R 001,R1-80,,,,
,,Libya,Sarir Trough (Sirte Basin),R-002-080,080 R 002,R2-80,080,,,
,,Libya,Sarir Trough (Sirte Basin),S-001-065,065 S 001,S1-65,,,,
,,Libya,Sarir Trough (Sirte Basin),S-001-080,080 S 001,S1-80,,,,
,,Libya,Sarir Trough (Sirte Basin),T-001-065,065 T 001,T1-65,,,,
,,Libya,Sarir Trough (Sirte Basin),T-001-080,080 T 001,T1-80,,080-T-001,Basement,Precambrian
,,Libya,Sarir Trough (Sirte Basin),T-002-065,065 T 002,T2-65,,,,
,,Libya,Sarir Trough (Sirte Basin),T-002-080,080 T 002,T2-80,,080-T-001,Basement,Precambrian
,,Libya,Sarir Trough (Sirte Basin),U-001-065,065 U 001,U1-65,,,,
,,Libya,Sarir Trough (Sirte Basin),U-001-080,080 U 001,U1-80,,,,
,,Libya,Sarir Trough (Sirte Basin),V-001-065,065 V 001,V1-65,,,,
,,Libya,Sarir Trough (Sirte Basin),V-001-080,080 V 001,V1-80,,,,
,,Libya,Nefusa Uplift (Ghadames Basin),W-001-034,034 W 001,W1-34,,,,
,,Libya,Qarqaf Uplift,W-001-063,063 W 001,W1-63,,,,
,,Libya,Dur Al Qussan Sub-basin (Murzuq Basin),W-001-064,064 W 001,W1-64,,,,
,,Libya,Nefusa Uplift (Ghadames Basin),W-002-034,034 W 002,W2-34,,,,
,,Libya,Tumayn Sub-basin (Sirte Basin),W-002-063,063 W 002,W2-63,,,,
,,Libya,Dur Al Qussan Sub-basin (Murzuq Basin),W-002-064,064 W 002,W2-64,,,,
,,Libya,Qarqaf Uplift,W-003-063,063 W 003,W3-63,,,,
,,Libya,Qarqaf Uplift,W-004-063,063 W 004,W4-63,,,,
,,Libya,Qarqaf Uplift,W-005-063,063 W 005,W5-63,,,,
,,Libya,Qarqaf Uplift,W-006-063,063 W 006,W6-63,,,,
,,Libya,Qarqaf Uplift,W-007-063,063 W 007,W7-63,,,,
,,Libya,Sarir Trough (Sirte Basin),X-001-065,065 X 001,X1-65,,,,
,,Libya,Sarir Trough (Sirte Basin),X-001-080,080 X 001,X1-80,,,,
,,Libya,Sarir Trough (Sirte Basin),Y-001-065,065 Y 001,Y1-65,,,,
,,Libya,Sarir Trough (Sirte Basin),Y-001-080,080 Y 001,Y1-80,,,,
,,Libya,Sarir Trough (Sirte Basin),Z-001-065,065 Z 001,Z1-65,,,,
,,Libya,Sarir Trough (Sirte Basin),Z-001-080,080 Z 001,Z1-80,,Magid (105-A/080-Z/EE),,
,,Libya,Sarir Trough (Sirte Basin),Z-002-080,080 Z 002,Z2-80,,Magid (105-A/080-Z/EE),,